stitch_id_flat,inchikey,chembl_id
CID100000085,PHIQHXFUZVPYII-UHFFFAOYSA-O,CHEMBL1620698
CID100000119,BTCSSZJGUNDROE-UHFFFAOYSA-N,CHEMBL96
CID100000137,ZGXJTSGNIOSYLO-UHFFFAOYSA-N,CHEMBL601
CID100000143,VVIAGPKUTFNRDU-UHFFFAOYSA-N,CHEMBL69905
CID100000146,ZNOVTXRBGFNYRX-UHFFFAOYSA-N,CHEMBL2358502
CID100000160,PXGPLTODNUVGFL-UHFFFAOYSA-N,CHEMBL2220614
CID100000187,OIPILFWXSMYKGL-UHFFFAOYSA-N,CHEMBL667
CID100000191,OIRDTQYFTABQOQ-UHFFFAOYSA-N,CHEMBL11909
CID100000222,QGZKDVFQNNGYKY-UHFFFAOYSA-N,CHEMBL1160819
CID100000244,WVDDGKGOMKODPV-UHFFFAOYSA-N,CHEMBL720
CID100000247,KWIUHFFTVRNATP-UHFFFAOYSA-N,CHEMBL1182
CID100000297,VNWKTOKETHGBQD-UHFFFAOYSA-N,CHEMBL17564
CID100000298,WIIZWVCIJKGZOK-UHFFFAOYSA-N,CHEMBL414400
CID100000305,OEYIOHPDSNJKLS-UHFFFAOYSA-N,CHEMBL920
CID100000311,KRKNYBCHXYNGOX-UHFFFAOYSA-N,CHEMBL1261
CID100000338,YGSDEFSMJLZEOE-UHFFFAOYSA-N,CHEMBL424
CID100000444,SNPPWIUOZRMYNY-UHFFFAOYSA-N,CHEMBL894
CID100000450,VOXZDWNPVJITMN-UHFFFAOYSA-N,CHEMBL412
CID100000564,SLXKOJJOQWFEFD-UHFFFAOYSA-N,CHEMBL1046
CID100000581,PWKSKIMOESPYIA-UHFFFAOYSA-N,CHEMBL145615
CID100000596,UHDGCWIWMRVCDJ-UHFFFAOYSA-N,CHEMBL78
CID100000598,ZNEWHQLOPFWXOF-UHFFFAOYSA-N,CHEMBL1098319
CID100000612,JVTAAEKCZFNVCJ-UHFFFAOYSA-N,CHEMBL1200559
CID100000679,IAZDPXIOMUYVGZ-UHFFFAOYSA-N,CHEMBL504
CID100000681,VYFYYTLLBUKUHU-UHFFFAOYSA-N,CHEMBL59
CID100000698,DNXHEGUUPJUMQT-UHFFFAOYSA-N,CHEMBL756
CID100000700,HZAXFHJVJLSVMW-UHFFFAOYSA-N,CHEMBL104943
CID100000727,JLYXXMFPNIAWKQ-UHFFFAOYSA-N,CHEMBL1200921
CID100000750,DHMQDGOQFOQNFH-UHFFFAOYSA-N,CHEMBL773
CID100000753,PEDCQBHIVMGVHV-UHFFFAOYSA-N,CHEMBL692
CID100000767,BVKZGUZCCUSVTD-UHFFFAOYSA-N,CHEMBL1161632
CID100000774,NTYJJOPFIAHURM-UHFFFAOYSA-N,CHEMBL90
CID100000785,QIGBRXMKCJKVMJ-UHFFFAOYSA-N,CHEMBL537
CID100000813,NPYPAHLBTDXSSS-UHFFFAOYSA-N,CHEMBL1233793
CID100000815,SBUJHOSQTJFQJX-UHFFFAOYSA-N,CHEMBL266589
CID100000838,UCTWMZQNUQWSLP-UHFFFAOYSA-N,CHEMBL1740
CID100000853,XUIIKFGFIJCVMT-UHFFFAOYSA-N,CHEMBL42115
CID100000861,AUYYCJSJGJYCDS-UHFFFAOYSA-N,CHEMBL789
CID100000896,DRLFMBDRBRZALE-UHFFFAOYSA-N,CHEMBL45
CID100000942,SNICXCGAKADSCV-UHFFFAOYSA-N,CHEMBL440464
CID100000948,GQPLMRYTRLFLPF-UHFFFAOYSA-N,CHEMBL1234579
CID100000951,SFLSHLFXELFNJZ-UHFFFAOYSA-N,CHEMBL432
CID100001046,IPEHBUMCGVEMRF-UHFFFAOYSA-N,CHEMBL614
CID100001054,LXNHXLLTXMVWPM-UHFFFAOYSA-N,CHEMBL1364
CID100001065,LOUPRKONTZGTKE-UHFFFAOYSA-N,CHEMBL15088
CID100001125,FNKQXYHWGSIFBK-UHFFFAOYSA-N,CHEMBL337765
CID100001130,JZRWCGZRTZMZEH-UHFFFAOYSA-N,CHEMBL1547
CID100001134,IQFYYKKMVGJFEH-UHFFFAOYSA-N,CHEMBL6497
CID100001206,MYWUZJCMWCOHBA-UHFFFAOYSA-N,CHEMBL508
CID100001301,CDBRNDSHEYLDJV-UHFFFAOYSA-M,CHEMBL1903819
CID100001546,PTOAARAWEBMLNO-UHFFFAOYSA-N,CHEMBL17639
CID100001727,NUKYPUAOHBNCPY-UHFFFAOYSA-N,CHEMBL284348
CID100001775,CXOFVDLJLONNDW-UHFFFAOYSA-N,CHEMBL16
CID100001805,NMUSYJAQQFHJEW-UHFFFAOYSA-N,CHEMBL301216
CID100001971,MCGSCOLBFJQGHM-UHFFFAOYSA-N,CHEMBL300576
CID100001972,APKFDSVGJQXUKY-UHFFFAOYSA-N,CHEMBL1700818
CID100001978,GOEMGAFJFRBGGG-UHFFFAOYSA-N,CHEMBL642
CID100001983,RZVAJINKPMORJF-UHFFFAOYSA-N,CHEMBL112
CID100001986,BZKPWHYZMXOIDC-UHFFFAOYSA-N,CHEMBL20
CID100001990,RRUDCFGSUDOHDG-UHFFFAOYSA-N,CHEMBL734
CID100001993,NZWOPGCLSHLLPA-UHFFFAOYSA-N,CHEMBL978
CID100002019,RJURFGZVJUQBHK-UHFFFAOYSA-N,CHEMBL427947
CID100002021,UNFWWIHTNXNPBV-UHFFFAOYSA-N,CHEMBL2009700
CID100002022,MKUXAQIIEYXACX-UHFFFAOYSA-N,CHEMBL184
CID100002082,HXHWSAZORRCQMX-UHFFFAOYSA-N,CHEMBL1483
CID100002083,NDAUXUAQIAJITI-UHFFFAOYSA-N,CHEMBL714
CID100002088,OGSPWJRAVKPPFI-UHFFFAOYSA-N,CHEMBL870
CID100002092,WNMJYKCGWZFFKR-UHFFFAOYSA-N,CHEMBL709
CID100002094,OFCNXPDARWKPPY-UHFFFAOYSA-N,CHEMBL1467
CID100002099,JSWZEAMFRNKZNL-UHFFFAOYSA-N,CHEMBL1110
CID100002118,VREFGVBLTWBCJP-UHFFFAOYSA-N,CHEMBL661
CID100002123,UUVWYPNAQBNQJQ-UHFFFAOYSA-N,CHEMBL1455
CID100002130,DKNWSYNQZKUICI-UHFFFAOYSA-N,CHEMBL660
CID100002133,ILKJAFIWWBXGDU-UHFFFAOYSA-N,CHEMBL4518366
CID100002140,YVPYQUNUQOZFHG-UHFFFAOYSA-N,CHEMBL1201220
CID100002141,JKOQGQFVAUAYPM-UHFFFAOYSA-N,CHEMBL1006
CID100002145,ROBVIMPUHSLWNV-UHFFFAOYSA-N,CHEMBL488
CID100002148,HSMNQINEKMPTIC-UHFFFAOYSA-N,CHEMBL463
CID100002153,ZFXYFBGIUFBOJW-UHFFFAOYSA-N,CHEMBL190
CID100002159,NTJOBXMMWNYJFB-UHFFFAOYSA-N,CHEMBL243712
CID100002160,KRMDCWKBEZIMAB-UHFFFAOYSA-N,CHEMBL629
CID100002161,SGRYPYWGNKJSDL-UHFFFAOYSA-N,CHEMBL1096
CID100002162,HTIQEAQVCYTUBX-UHFFFAOYSA-N,CHEMBL1491
CID100002170,QWGDMFLQWFTERH-UHFFFAOYSA-N,CHEMBL1113
CID100002177,YMARZQAQMVYCKC-UHFFFAOYSA-N,CHEMBL195725
CID100002179,XCPGHVQEEXUHNC-UHFFFAOYSA-N,CHEMBL43
CID100002182,OTBXOEAOVRKTNQ-UHFFFAOYSA-N,CHEMBL760
CID100002187,YBBLVLTVTVSKRW-UHFFFAOYSA-N,CHEMBL1399
CID100002215,VMWNQDUVQKEIOC-UHFFFAOYSA-N,CHEMBL70099
CID100002216,IEJXVRYNEISIKR-UHFFFAOYSA-N,CHEMBL647
CID100002244,BSYNRYMUTXBXSQ-UHFFFAOYSA-N,CHEMBL25
CID100002249,METKIMKYRPQLGS-UHFFFAOYSA-N,CHEMBL24
CID100002265,LMEKQMALGUDUQG-UHFFFAOYSA-N,CHEMBL1542
CID100002266,BDJRBEYXGGNYIS-UHFFFAOYSA-N,CHEMBL1238
CID100002267,MBUVEWMHONZEQD-UHFFFAOYSA-N,CHEMBL639
CID100002284,KPYSYYIEGFHWSV-UHFFFAOYSA-N,CHEMBL701
CID100002307,KUVIULQEHSCUHY-UHFFFAOYSA-N,CHEMBL1319520
CID100002311,XPCFTKFZXHTYIP-UHFFFAOYSA-N,CHEMBL1604571
CID100002315,HDWIHXWEUNVBIY-UHFFFAOYSA-N,CHEMBL1684
CID100002337,BLFLLBZGZJTVJG-UHFFFAOYSA-N,CHEMBL278172
CID100002344,GIJXKZJWITVLHI-UHFFFAOYSA-N,CHEMBL116590
CID100002345,SESFRYSPDFLNCH-UHFFFAOYSA-N,CHEMBL1239
CID100002349,JGSARLDLIJGVTE-UHFFFAOYSA-N,CHEMBL300052
CID100002350,YWGDOWXRIALTES-UHFFFAOYSA-N,CHEMBL4877190
CID100002351,UIEATEWHFDRYRU-UHFFFAOYSA-N,CHEMBL1008
CID100002366,UUQMNUMQCIQDMZ-UHFFFAOYSA-N,CHEMBL24441
CID100002367,VQODGRNSFPNSQE-UHFFFAOYSA-N,CHEMBL2008531
CID100002369,NWIUTZDMDHAVTP-UHFFFAOYSA-N,CHEMBL423
CID100002370,NZUPCNDJBJXXRF-UHFFFAOYSA-O,CHEMBL1482
CID100002375,LKJPYSCBVHEWIU-UHFFFAOYSA-N,CHEMBL409
CID100002391,KHOITXIGCFIULA-UHFFFAOYSA-N,CHEMBL942
CID100002405,VHYCDWMUTMEGQY-UHFFFAOYSA-N,CHEMBL645
CID100002431,AAQOQKQBGPPFNS-UHFFFAOYSA-N,CHEMBL1199080
CID100002435,XYLJNLCSTIOKRM-UHFFFAOYSA-N,CHEMBL844
CID100002441,VMIYHDSEFNYJSL-UHFFFAOYSA-N,CHEMBL277062
CID100002442,OJGDCBLYJGHCIH-UHFFFAOYSA-N,CHEMBL253376
CID100002443,OZVBMTJYIDMWIL-UHFFFAOYSA-N,CHEMBL5306699
CID100002462,VOVIALXJUBGFJZ-UHFFFAOYSA-N,CHEMBL3188153
CID100002471,MAEIEVLCKWDQJH-UHFFFAOYSA-N,CHEMBL1072
CID100002474,LEBVLXFERQHONN-UHFFFAOYSA-N,CHEMBL1098
CID100002476,RMRJXGBAOAMLHD-UHFFFAOYSA-N,CHEMBL3580442
CID100002477,QWCRAEMEVRGPNT-UHFFFAOYSA-N,CHEMBL49
CID100002478,COVZYZSDYWQREU-UHFFFAOYSA-N,CHEMBL820
CID100002479,ZRIHAIZYIMGOAB-UHFFFAOYSA-N,CHEMBL449
CID100002484,ABJKWBDEJIDSJZ-UHFFFAOYSA-N,CHEMBL990
CID100002512,KORNTPPJEAJQIU-UHFFFAOYSA-N,CHEMBL1898147
CID100002519,RYYVLZVUVIJVGH-UHFFFAOYSA-N,CHEMBL113
CID100002520,SGTNSNPWRIOYBX-UHFFFAOYSA-N,CHEMBL6966
CID100002540,GHOSNRCGJFBJIB-UHFFFAOYSA-N,CHEMBL1014
CID100002541,HTQMVQVXFRQIKW-UHFFFAOYSA-N,CHEMBL1016
CID100002547,JNIIDKODPGHQSS-UHFFFAOYSA-N,CHEMBL3187605
CID100002548,YKPUWZUDDOIDPM-UHFFFAOYSA-N,CHEMBL3187928
CID100002550,FAKRSMQSSFJEIM-UHFFFAOYSA-N,CHEMBL27686
CID100002551,VPJXQGSRWJZDOB-UHFFFAOYSA-O,CHEMBL965
CID100002554,FFGPTBGBLSHEPO-UHFFFAOYSA-N,CHEMBL108
CID100002563,TZFNLOMSOLWIDK-UHFFFAOYSA-N,CHEMBL1179357
CID100002564,OJFSXZCBGQGRNV-UHFFFAOYSA-N,CHEMBL864
CID100002576,OFZCIYFFPZCNJE-UHFFFAOYSA-N,CHEMBL1233
CID100002578,DLGOEMSEDOSKAD-UHFFFAOYSA-N,CHEMBL513
CID100002583,LWAFSWPYPHEXKX-UHFFFAOYSA-N,CHEMBL839
CID100002585,OGHNVEJMJSYVRP-UHFFFAOYSA-N,CHEMBL723
CID100002609,QYIYFLOTGYLRGG-UHFFFAOYSA-N,CHEMBL1474918
CID100002610,BOEGTKLJZSQCCD-UHFFFAOYSA-N,CHEMBL1555813
CID100002646,WDLWHQDACQUCJR-UHFFFAOYSA-N,CHEMBL3302259
CID100002662,RZEKVGVHFLEQIL-UHFFFAOYSA-N,CHEMBL118
CID100002663,JOATXPAWOHTVSZ-UHFFFAOYSA-N,CHEMBL27810
CID100002666,ZAIPMKNFIOOWCQ-UHFFFAOYSA-N,CHEMBL287590
CID100002678,ZKLPARSLTMPFCP-UHFFFAOYSA-N,CHEMBL1000
CID100002684,WUTYZMFRCNBCHQ-UHFFFAOYSA-N,CHEMBL168815
CID100002708,JCKYGMPEJWAADB-UHFFFAOYSA-N,CHEMBL515
CID100002713,GHXZTYHSJHQHIJ-UHFFFAOYSA-N,CHEMBL790
CID100002719,WHTVZRBIWZFKQO-UHFFFAOYSA-N,CHEMBL76
CID100002720,JBMKAUGHUNFTOL-UHFFFAOYSA-N,CHEMBL842
CID100002725,SOYKEARSMXGVTM-UHFFFAOYSA-N,CHEMBL505
CID100002726,ZPEIMTDSQAKGNT-UHFFFAOYSA-N,CHEMBL71
CID100002727,RKWGIWYCVPQPMF-UHFFFAOYSA-N,CHEMBL498
CID100002732,JIVPVXMEBJLZRO-UHFFFAOYSA-N,CHEMBL1055
CID100002733,TZFWDZFKRBELIQ-UHFFFAOYSA-N,CHEMBL1371
CID100002749,SCKYRAXSEDYPSA-UHFFFAOYSA-N,CHEMBL1413
CID100002754,RRGUKTPIGVIEKM-UHFFFAOYSA-N,CHEMBL799
CID100002756,AQIXAKUUQRKLND-UHFFFAOYSA-N,CHEMBL30
CID100002762,VDUWPHTZYNWKRN-UHFFFAOYSA-N,CHEMBL1208
CID100002764,MYSWGUAQZAJSOK-UHFFFAOYSA-N,CHEMBL8
CID100002771,WSEQXVZVJXJVFP-UHFFFAOYSA-N,CHEMBL549
CID100002781,YNNUSGIPVFPVBX-UHFFFAOYSA-N,CHEMBL315157
CID100002786,KDLRVYVGXIQJDK-UHFFFAOYSA-N,CHEMBL10766
CID100002789,CXOXHMZGEKVPMT-UHFFFAOYSA-N,CHEMBL70418
CID100002800,GKIRPKYJQBWNGO-UHFFFAOYSA-N,CHEMBL2355051
CID100002801,GDLIGKIOYRNHDA-UHFFFAOYSA-N,CHEMBL415
CID100002802,DGBIGWXXNGSACT-UHFFFAOYSA-N,CHEMBL452
CID100002803,GJSURZIOUXUGAL-UHFFFAOYSA-N,CHEMBL134
CID100002806,GKTWGGQPFAXNFI-UHFFFAOYSA-N,CHEMBL1333662
CID100002809,XDDJGVMJFWAHJX-UHFFFAOYSA-N,CHEMBL1213252
CID100002812,VNFPBHJOKIVQEB-UHFFFAOYSA-N,CHEMBL104
CID100002818,ZUXABONWMNSFBN-UHFFFAOYSA-N,CHEMBL253391
CID100002826,ZPUCINDJVBIVPJ-UHFFFAOYSA-N,CHEMBL32363
CID100002828,OROGSEYTTFOCAN-UHFFFAOYSA-N,CHEMBL612012
CID100002833,IAKHMKGGTNLKSZ-UHFFFAOYSA-N,CHEMBL87
CID100002883,DNTGGZPQPQTDQF-UHFFFAOYSA-N,CHEMBL3183440
CID100002895,JURKNVYFZMSNLP-UHFFFAOYSA-N,CHEMBL669
CID100002905,SKYSRIRYMSLOIN-UHFFFAOYSA-N,CHEMBL1201338
CID100002907,CMSMOCZEIVJLDB-UHFFFAOYSA-N,CHEMBL88
CID100002913,JJCFRYNCJDLXIK-UHFFFAOYSA-N,CHEMBL516
CID100002914,UWFYSQMTEOIJJG-UHFFFAOYSA-N,CHEMBL5307723
CID100002949,POZRVZJJTULAOH-UHFFFAOYSA-N,CHEMBL4296981
CID100002955,MQJKPEGWNLWLTK-UHFFFAOYSA-N,CHEMBL1043
CID100002958,STQGQHZAVUOBTE-UHFFFAOYSA-N,CHEMBL3560489
CID100002972,TZXKOCQBRNJULO-UHFFFAOYSA-N,CHEMBL70927
CID100002973,UBQYURCVBFRUQT-UHFFFAOYSA-N,CHEMBL556
CID100002995,HCYAFALTSJYZDH-UHFFFAOYSA-N,CHEMBL72
CID100003003,UREBDLICKHMUKA-UHFFFAOYSA-N,CHEMBL1393513
CID100003007,KWTSXDURSIMDCE-UHFFFAOYSA-N,CHEMBL405
CID100003008,MKXZASYAUGDDCJ-UHFFFAOYSA-N,CHEMBL22207
CID100003009,VLCYCQAOQCDTCN-UHFFFAOYSA-N,CHEMBL830
CID100003016,AAOVKJBEBIDNHE-UHFFFAOYSA-N,CHEMBL12
CID100003019,GDLBFKVLRPITMI-UHFFFAOYSA-N,CHEMBL181
CID100003038,GJQPMPFPNINLKP-UHFFFAOYSA-N,CHEMBL17
CID100003042,CURUTKGFNZGFSE-UHFFFAOYSA-N,CHEMBL1123
CID100003043,BXZVVICBKDXVGW-UHFFFAOYSA-N,CHEMBL39066
CID100003053,QPCDCPDFJACHGM-UHFFFAOYSA-N,CHEMBL780
CID100003056,BOBLHFUVNSFZPJ-UHFFFAOYSA-N,CHEMBL4777053
CID100003059,HUPFGZXOMWLGNK-UHFFFAOYSA-N,CHEMBL898
CID100003062,LTMHDMANZUZIPE-UHFFFAOYSA-N,CHEMBL20692
CID100003063,RBOXVHNMENFORY-UHFFFAOYSA-N,CHEMBL4765015
CID100003080,WQABCVAJNWAXTE-UHFFFAOYSA-N,CHEMBL1597
CID100003100,ZZVUWRFHKOJYTH-UHFFFAOYSA-N,CHEMBL657
CID100003105,OCUJLLGVOUDECM-UHFFFAOYSA-N,CHEMBL1201262
CID100003108,IZEKFCXSFNUWAM-UHFFFAOYSA-N,CHEMBL932
CID100003114,UVTNFZQICZKOEM-UHFFFAOYSA-N,CHEMBL517
CID100003117,AUZONCFQVSMFAP-UHFFFAOYSA-N,CHEMBL964
CID100003121,NIJJYAXOARWZEE-UHFFFAOYSA-N,CHEMBL109
CID100003125,NHTGHBARYWONDQ-UHFFFAOYSA-N,CHEMBL1330596
CID100003148,UKTAZPQNNNJVKR-UHFFFAOYSA-N,CHEMBL124754
CID100003151,FGXWKSZFVQUSTL-UHFFFAOYSA-N,CHEMBL219916
CID100003152,ADEBPBSSDYVVLD-UHFFFAOYSA-N,CHEMBL502
CID100003154,IAVUPMFITXYVAF-UHFFFAOYSA-N,CHEMBL269001
CID100003156,XFDJYSQDBULQSI-UHFFFAOYSA-N,CHEMBL1754
CID100003157,RUZYUOTYCVRMRZ-UHFFFAOYSA-N,CHEMBL707
CID100003158,ODQWQRRAPPTVAG-UHFFFAOYSA-N,CHEMBL1628227
CID100003168,RMEDXOLNCUSCGS-UHFFFAOYSA-N,CHEMBL1108
CID100003171,QXWYKJLNLSIPIN-UHFFFAOYSA-N,CHEMBL1593851
CID100003182,KSCFJBIXMNOVSH-UHFFFAOYSA-N,CHEMBL1752
CID100003198,LEZWWPYKPKIXLL-UHFFFAOYSA-N,CHEMBL808
CID100003202,VWLHWLSRQJQWRG-UHFFFAOYSA-O,CHEMBL1104
CID100003203,XPOQHMRABVBWPR-UHFFFAOYSA-N,CHEMBL59507
CID100003219,KBUZBQVCBVDWKX-UHFFFAOYSA-N,CHEMBL594
CID100003222,GBXSMTUPTTWBMN-UHFFFAOYSA-N,CHEMBL25991
CID100003226,JPGQOUSTVILISH-UHFFFAOYSA-N,CHEMBL1257
CID100003241,WHWZLSFABNNENI-UHFFFAOYSA-N,CHEMBL1106
CID100003250,WVVSZNPYNCNODU-UHFFFAOYSA-N,CHEMBL1368134
CID100003251,XCGSFFUVFURLIX-UHFFFAOYSA-N,CHEMBL1982133
CID100003255,ULGZDMOVFRHVEP-UHFFFAOYSA-N,CHEMBL1671887
CID100003256,NSYZCCDSJNWWJL-UHFFFAOYSA-N,CHEMBL4550869
CID100003261,CDCHDCWJMGXXRH-UHFFFAOYSA-N,CHEMBL285674
CID100003267,RSEPBGGWRJCQGY-UHFFFAOYSA-N,CHEMBL1717063
CID100003269,PROQIPRRNZUXQM-UHFFFAOYSA-N,CHEMBL283081
CID100003278,AVOLMBLBETYQHX-UHFFFAOYSA-N,CHEMBL456
CID100003279,AEUTYOVWOVBAKS-UHFFFAOYSA-N,CHEMBL25539
CID100003291,HAPOVYFOVVWLRS-UHFFFAOYSA-N,CHEMBL696
CID100003292,SZQIFWWUIBRPBZ-UHFFFAOYSA-N,CHEMBL1095
CID100003305,DBVJJBKOTRCVKF-UHFFFAOYSA-N,CHEMBL871
CID100003308,NNYBQONXHNTVIJ-UHFFFAOYSA-N,CHEMBL622
CID100003310,VJJPUSNTGOMMGY-UHFFFAOYSA-N,CHEMBL3184888
CID100003324,GGXKWVWZWMLJEH-UHFFFAOYSA-N,CHEMBL880
CID100003325,XUFQPHANEAPEMJ-UHFFFAOYSA-N,CHEMBL902
CID100003331,WKGXYQFOCVYPAC-UHFFFAOYSA-N,CHEMBL1094
CID100003333,RZTAMFZIAATZDJ-UHFFFAOYSA-N,CHEMBL1480
CID100003339,YMTINGFKWWXKFG-UHFFFAOYSA-N,CHEMBL672
CID100003342,RDJGLLICXDHJDY-UHFFFAOYSA-N,CHEMBL1297
CID100003345,PJMPHNIQZUBGLI-UHFFFAOYSA-N,CHEMBL596
CID100003348,RWTNPBWLLIMQHL-UHFFFAOYSA-N,CHEMBL914
CID100003350,DBEPLOCGEIEOCV-UHFFFAOYSA-N,CHEMBL74318
CID100003354,SPIUTQOUKAMGCX-UHFFFAOYSA-N,CHEMBL1493
CID100003363,ODKNJVUHOIMIIZ-UHFFFAOYSA-N,CHEMBL6628
CID100003364,UIOFUWFRIANQPC-UHFFFAOYSA-N,CHEMBL1622855
CID100003365,RFHAOTPXVQNOHP-UHFFFAOYSA-N,CHEMBL106
CID100003366,XRECTZIEBJDKEO-UHFFFAOYSA-N,CHEMBL1463
CID100003367,HBUBKKRHXORPQB-UHFFFAOYSA-N,CHEMBL598
CID100003368,GIUYCYHIANZCFB-UHFFFAOYSA-N,CHEMBL1965242
CID100003370,SYWHXTATXSMDSB-UHFFFAOYSA-N,CHEMBL1720232
CID100003372,PLDUPXSUYLZYBN-UHFFFAOYSA-N,CHEMBL726
CID100003373,OFBIFZUFASYYRE-UHFFFAOYSA-N,CHEMBL407
CID100003375,WXURHACBFYSXBI-UHFFFAOYSA-N,CHEMBL2007346
CID100003380,PPTYJKAXVCCBDU-UHFFFAOYSA-N,CHEMBL13280
CID100003381,FEBLZLNTKCEFIT-UHFFFAOYSA-N,CHEMBL1599911
CID100003384,FAOZLTXFLGPHNG-UHFFFAOYSA-N,CHEMBL1716015
CID100003385,GHASVSINZRGABV-UHFFFAOYSA-N,CHEMBL185
CID100003386,RTHCYVBBDHJXIQ-UHFFFAOYSA-N,CHEMBL41
CID100003388,VIQCGTZFEYDQMR-UHFFFAOYSA-N,CHEMBL1200854
CID100003393,SAADBVWGJQAEFS-UHFFFAOYSA-N,CHEMBL968
CID100003394,SYTBZMRGLBWNTM-UHFFFAOYSA-N,CHEMBL563
CID100003397,MKXKFYHWDHIYRV-UHFFFAOYSA-N,CHEMBL806
CID100003403,FJLGEFLZQAZZCD-UHFFFAOYSA-N,CHEMBL2140067
CID100003404,CJOFXWAVKWHTFT-UHFFFAOYSA-N,CHEMBL1621884
CID100003405,OVBPIULPVIDEAO-UHFFFAOYSA-N,CHEMBL277040
CID100003406,RIKMMFOAQPJVMX-UHFFFAOYSA-N,CHEMBL1308
CID100003410,BPZSYCZIITTYBL-UHFFFAOYSA-N,CHEMBL1256786
CID100003417,YMDXZJFXQJVXBF-UHFFFAOYSA-N,CHEMBL1555455
CID100003425,OHRURASPPZQGQM-UHFFFAOYSA-N,CHEMBL2130995
CID100003440,ZZUFCTLCJUWOSV-UHFFFAOYSA-N,CHEMBL35
CID100003446,UGJMXCAKCUNAIE-UHFFFAOYSA-N,CHEMBL940
CID100003449,ASUTZQLVASHGKV-UHFFFAOYSA-N,CHEMBL1623394
CID100003454,IRSCQMHQWWYFCW-UHFFFAOYSA-N,CHEMBL182
CID100003461,SDUQYLNIPVEERB-UHFFFAOYSA-N,CHEMBL264883
CID100003463,HEMJJKBWTPKOJG-UHFFFAOYSA-N,CHEMBL457
CID100003467,CEAZRRDELHUEMR-UHFFFAOYSA-N,CHEMBL329592
CID100003475,BOVGTQGAOIONJV-UHFFFAOYSA-N,CHEMBL427216
CID100003476,WIGIZIANZCJQQY-UHFFFAOYSA-N,CHEMBL149223
CID100003478,ZJJXGWJIGJFDTL-UHFFFAOYSA-N,CHEMBL1073
CID100003488,ZNNLBTZKUZBEKO-UHFFFAOYSA-N,CHEMBL472
CID100003494,ANGKOCUUWGHLCE-UHFFFAOYSA-N,CHEMBL1201335
CID100003510,MFWNKCLOYSRHCJ-UHFFFAOYSA-N,CHEMBL289469
CID100003512,DDUHZTYCFQRHIY-UHFFFAOYSA-N,CHEMBL1369825
CID100003516,HSRJKNPTNIJEKV-UHFFFAOYSA-N,CHEMBL980
CID100003517,WDZVGELJXXEGPV-UHFFFAOYSA-N,CHEMBL1313657
CID100003519,INJOMKTZOLKMBF-UHFFFAOYSA-N,CHEMBL862
CID100003520,ZRALSGWEFCBTJO-UHFFFAOYSA-N,CHEMBL821
CID100003559,LNEPOXFFQSENCJ-UHFFFAOYSA-N,CHEMBL54
CID100003598,ACGUYXCXAPNIKK-UHFFFAOYSA-N,CHEMBL496
CID100003623,ZTVIKZXZYLEVOL-UHFFFAOYSA-N,CHEMBL1237117
CID100003636,YBCNXCRZPWQOBR-UHFFFAOYSA-N,CHEMBL1178342
CID100003637,RPTUSVTUFVMDQK-UHFFFAOYSA-N,CHEMBL276832
CID100003639,JZUFKLXOESDKRF-UHFFFAOYSA-N,CHEMBL435
CID100003640,JYGXADMDTFJGBT-UHFFFAOYSA-N,CHEMBL1730629
CID100003642,BMCQMVFGOVHVNG-UHFFFAOYSA-N,CHEMBL1434261
CID100003647,DMDGGSIALPNSEE-UHFFFAOYSA-N,CHEMBL1763
CID100003652,XXSMGPRMXLTPCZ-UHFFFAOYSA-N,CHEMBL1535
CID100003657,VSNHCAURESNICA-UHFFFAOYSA-N,CHEMBL467
CID100003658,ZQDWXGKKHFNSQK-UHFFFAOYSA-N,CHEMBL896
CID100003661,RKUNBYITZUJHSG-UHFFFAOYSA-N,CHEMBL9751
CID100003672,HEFNNWSXXWATRW-UHFFFAOYSA-N,CHEMBL521
CID100003675,RMUCZJUITONUFY-UHFFFAOYSA-N,CHEMBL1089
CID100003676,NNJVILVZKWQKPM-UHFFFAOYSA-N,CHEMBL79
CID100003685,XDXDZDZNSLXDNA-UHFFFAOYSA-N,CHEMBL1974170
CID100003687,XQFRJNBWHJMXHO-UHFFFAOYSA-N,CHEMBL268690
CID100003690,HOMGKSMUEGBAAB-UHFFFAOYSA-N,CHEMBL1024
CID100003696,BCGWQEUPMDMJNV-UHFFFAOYSA-N,CHEMBL11
CID100003702,NDDAHWYSQHTHNT-UHFFFAOYSA-N,CHEMBL406
CID100003715,CGIGDMFJXJATDK-UHFFFAOYSA-N,CHEMBL6
CID100003724,NBQNWMBBSKPBAY-UHFFFAOYSA-N,CHEMBL1200507
CID100003730,NTHXOOBQLCIOLC-UHFFFAOYSA-N,CHEMBL1200455
CID100003734,XQZXYNRDCRIARQ-UHFFFAOYSA-N,CHEMBL4759972
CID100003736,DGAIEPBNLOQYER-UHFFFAOYSA-N,CHEMBL1725
CID100003737,UXIGWFXRQKWHHA-UHFFFAOYSA-N,CHEMBL1201300
CID100003738,XUHXFSYUBXNTHU-UHFFFAOYSA-N,CHEMBL1200555
CID100003739,FFINMCNLQNTKLU-UHFFFAOYSA-N,CHEMBL1165268
CID100003741,AMDBBAQNWSUWGN-UHFFFAOYSA-N,CHEMBL1200614
CID100003742,TYYBFXNZMFNZJT-UHFFFAOYSA-N,CHEMBL1201291
CID100003743,UUMLTINZBQPNGF-UHFFFAOYSA-N,CHEMBL1201075
CID100003746,OEXHQOGQTVQTAT-UHFFFAOYSA-N,CHEMBL1615433
CID100003749,YOSHYTLCDANDAN-UHFFFAOYSA-N,CHEMBL1513
CID100003750,UWKQSNNFCGGAFS-UHFFFAOYSA-N,CHEMBL10456
CID100003759,XKFPYPQQHFEXRZ-UHFFFAOYSA-N,CHEMBL1201168
CID100003763,PIWKPBJCKXDKJR-UHFFFAOYSA-N,CHEMBL1256
CID100003767,QRXWMOHMRWLFEY-UHFFFAOYSA-N,CHEMBL64
CID100003779,JWZZKOKVBUJMES-UHFFFAOYSA-N,CHEMBL434
CID100003780,MOYKHGMNXAOIAT-UHFFFAOYSA-N,CHEMBL250009
CID100003783,BMUKKTUHUDJSNZ-UHFFFAOYSA-N,CHEMBL1197051
CID100003784,HMJIYCCIJYRONP-UHFFFAOYSA-N,CHEMBL1648
CID100003793,VHVPQPYKVGDNFY-UHFFFAOYSA-N,CHEMBL64391
CID100003821,YQEZLKZALYSWHR-UHFFFAOYSA-N,CHEMBL742
CID100003823,XMAYWYJOQHXEEK-UHFFFAOYSA-N,CHEMBL157101
CID100003825,DKYWVDODHFEZIM-UHFFFAOYSA-N,CHEMBL571
CID100003826,OZWKMVRBQXNZKK-UHFFFAOYSA-N,CHEMBL469
CID100003827,ZCVMWBYGMWKGHF-UHFFFAOYSA-N,CHEMBL534
CID100003830,QANMHLXAZMSUEX-UHFFFAOYSA-N,CHEMBL228792
CID100003848,VOXXWSYKYCBWHO-UHFFFAOYSA-N,CHEMBL1778420
CID100003869,SGUAFYQXFOLMHL-UHFFFAOYSA-N,CHEMBL429
CID100003872,JCQLYHFGKNRPGE-UHFFFAOYSA-N,CHEMBL58143
CID100003878,PYZRQGJRPPTADH-UHFFFAOYSA-N,CHEMBL741
CID100003883,MJIHNNLFOKEZEW-UHFFFAOYSA-N,CHEMBL480
CID100003899,VHOGYURTWQBHIL-UHFFFAOYSA-N,CHEMBL960
CID100003902,HPJKCIUCZWXJDR-UHFFFAOYSA-N,CHEMBL1444
CID100003914,IXHBTMCLRNMKHZ-UHFFFAOYSA-N,CHEMBL293030
CID100003915,ZCGOMHNNNFPNMX-UHFFFAOYSA-N,CHEMBL2218900
CID100003916,VRQVVMDWGGWHTJ-UHFFFAOYSA-N,CHEMBL22987
CID100003918,JAQUASYNZVUNQP-UHFFFAOYSA-N,CHEMBL20803
CID100003929,TYZROVQLWOKYKF-UHFFFAOYSA-N,CHEMBL191283
CID100003937,RLAWWYSOJDYHDC-UHFFFAOYSA-N,CHEMBL105890
CID100003938,BKRGVLQUQGGVSM-UHFFFAOYSA-N,CHEMBL57059
CID100003948,ZEKZLJVOYLTDKK-UHFFFAOYSA-N,CHEMBL561
CID100003950,GQYIWUVLTXOXAJ-UHFFFAOYSA-N,CHEMBL514
CID100003957,JCCNYMKQOSZNPW-UHFFFAOYSA-N,CHEMBL998
CID100003958,DIWRORZWFLOCLC-UHFFFAOYSA-N,CHEMBL580
CID100003961,PSIFNNKUMBGKDQ-UHFFFAOYSA-N,CHEMBL191
CID100003962,PCZOHLXUXFIOCF-UHFFFAOYSA-N,CHEMBL3186637
CID100003964,XJGVXQDUIWGIRW-UHFFFAOYSA-N,CHEMBL831
CID100003998,TYMRLRRVMHJFTF-UHFFFAOYSA-N,CHEMBL419
CID100004004,JXSJBGJIGXNWCI-UHFFFAOYSA-N,CHEMBL1200468
CID100004011,QSLMDECMDJKHMQ-UHFFFAOYSA-N,CHEMBL21731
CID100004030,OPXLLQIJSORQAM-UHFFFAOYSA-N,CHEMBL685
CID100004031,VYVKHNNGDFVQGA-UHFFFAOYSA-N,CHEMBL282121
CID100004032,IMYZQPCYWPFTAG-UHFFFAOYSA-N,CHEMBL267936
CID100004033,HAWPXGHAZFHHAD-UHFFFAOYSA-N,CHEMBL427
CID100004034,OCJYIGYOJCODJL-UHFFFAOYSA-N,CHEMBL1623
CID100004044,HYYBABOKPJLUIN-UHFFFAOYSA-N,CHEMBL686
CID100004046,XEEQGYMUWCZPDN-UHFFFAOYSA-N,CHEMBL416956
CID100004048,RQZAXGRLVPAYTJ-UHFFFAOYSA-N,CHEMBL3185830
CID100004051,PTCPMRKGGUPNDO-UHFFFAOYSA-M,CHEMBL1256873
CID100004053,SGDBTWWWUNNDEQ-UHFFFAOYSA-N,CHEMBL429405
CID100004054,BUGYDGFZZOZRHP-UHFFFAOYSA-N,CHEMBL807
CID100004057,GKNPSSNBBWDAGH-UHFFFAOYSA-N,CHEMBL524004
CID100004058,XADCESSVHJOZHK-UHFFFAOYSA-N,CHEMBL607
CID100004060,GMHKMTDVRCWUDX-UHFFFAOYSA-N,CHEMBL861
CID100004062,INWLQCZOYSRPNW-UHFFFAOYSA-N,CHEMBL1087
CID100004064,NPPQSCRMBWNHMW-UHFFFAOYSA-N,CHEMBL979
CID100004075,KBOPZPXVLCULAV-UHFFFAOYSA-N,CHEMBL704
CID100004086,LMOINURANNBYCM-UHFFFAOYSA-N,CHEMBL776
CID100004091,XZWYZXLIPXDOLR-UHFFFAOYSA-N,CHEMBL1431
CID100004095,USSIQXCVUWKGNF-UHFFFAOYSA-N,CHEMBL651
CID100004101,VKYKSIONXSXAKP-UHFFFAOYSA-N,CHEMBL1201270
CID100004107,GNXFOGHNGIVQEH-UHFFFAOYSA-N,CHEMBL1201117
CID100004112,FBOZXECLQNJBKD-UHFFFAOYSA-N,CHEMBL426
CID100004114,QXKHYNVANLEOEG-UHFFFAOYSA-N,CHEMBL416
CID100004120,LZCOQTDXKCNBEE-UHFFFAOYSA-N,CHEMBL107979
CID100004121,CESYKOGBSMNBPD-UHFFFAOYSA-N,CHEMBL1577
CID100004138,CJCSPKMFHVPWAR-UHFFFAOYSA-N,CHEMBL718
CID100004139,RBTBFTRPCNLSDE-UHFFFAOYSA-N,CHEMBL191083
CID100004140,UNBRKDKAWYKMIV-UHFFFAOYSA-N,CHEMBL1597692
CID100004158,DUGOZIWVEXMGBE-UHFFFAOYSA-N,CHEMBL796
CID100004159,VHRSUDSXCMQTMA-UHFFFAOYSA-N,CHEMBL190259
CID100004163,KPJZHOPZRAFDTN-UHFFFAOYSA-N,CHEMBL12393
CID100004168,TTWJBBZEZQICBI-UHFFFAOYSA-N,CHEMBL86
CID100004170,AQCHWTWZEMGIFD-UHFFFAOYSA-N,CHEMBL878
CID100004171,IUBSYMUCCVWXPE-UHFFFAOYSA-N,CHEMBL13
CID100004173,VAOCPAMSLUNLGC-UHFFFAOYSA-N,CHEMBL137
CID100004174,FJLBFSROUSIWMA-UHFFFAOYSA-N,CHEMBL934
CID100004178,VLPIATFUUWWMKC-UHFFFAOYSA-N,CHEMBL558
CID100004184,UEQUQVLFIPOEMF-UHFFFAOYSA-N,CHEMBL6437
CID100004189,BYBLEWFAAKGYCD-UHFFFAOYSA-N,CHEMBL91
CID100004192,DDLIGBOFAVUZHB-UHFFFAOYSA-N,CHEMBL655
CID100004195,PTKSEFOSCHHMPD-UHFFFAOYSA-N,CHEMBL1201212
CID100004196,VKHAHZOOUSRJNA-UHFFFAOYSA-N,CHEMBL3188048
CID100004197,PZRHRDRVRGEVNW-UHFFFAOYSA-N,CHEMBL189
CID100004201,ZIMGGGWCDYVHOY-UHFFFAOYSA-N,CHEMBL609587
CID100004205,RONZAEMNMFQXRA-UHFFFAOYSA-N,CHEMBL654
CID100004211,JWBOIMRXGHLCPP-UHFFFAOYSA-N,CHEMBL1670
CID100004212,KKZJGLLVHKMTCM-UHFFFAOYSA-N,CHEMBL58
CID100004235,YHXISWVBGDMDLQ-UHFFFAOYSA-N,CHEMBL86304
CID100004236,YFGHCGITMMYXAQ-UHFFFAOYSA-N,CHEMBL1373
CID100004271,RTGDFNSFWBGLEC-UHFFFAOYSA-N,CHEMBL3210645
CID100004274,QCWJONLQSHEGEJ-UHFFFAOYSA-N,CHEMBL1615784
CID100004409,BLXXJMDCKKHMKV-UHFFFAOYSA-N,CHEMBL1070
CID100004411,VWPOSFSPZNDTMJ-UHFFFAOYSA-N,CHEMBL521606
CID100004419,NETZHAKZCGBWSS-UHFFFAOYSA-N,CHEMBL5308404
CID100004421,MHWLWQUZZRMNGJ-UHFFFAOYSA-N,CHEMBL5
CID100004425,UZHSEJADLWPNLE-UHFFFAOYSA-N,CHEMBL609673
CID100004428,DQCKKXVULJGBQN-UHFFFAOYSA-N,CHEMBL36504
CID100004436,CNIIGCLFLJGOGP-UHFFFAOYSA-N,CHEMBL761
CID100004440,AMKVXSZCKVJAGH-UHFFFAOYSA-N,CHEMBL1278
CID100004443,OELFLUMRDSZNSF-UHFFFAOYSA-N,CHEMBL1442029
CID100004449,VRBKIVRKKCLPHA-UHFFFAOYSA-N,CHEMBL623
CID100004450,RGPDEAGGEXEMMM-UHFFFAOYSA-N,CHEMBL465026
CID100004451,QAGYKUNXZHXKMR-UHFFFAOYSA-N,CHEMBL365442
CID100004454,PGBHMTALBVVCIT-UHFFFAOYSA-N,CHEMBL266347
CID100004456,ALWKGYPQUAPLQC-UHFFFAOYSA-N,CHEMBL278020
CID100004463,NQDJXKOVJZTUJA-UHFFFAOYSA-N,CHEMBL57
CID100004485,HYIMSNHJOBLJNT-UHFFFAOYSA-N,CHEMBL193
CID100004493,XWXYUMMDTVBTOU-UHFFFAOYSA-N,CHEMBL1274
CID100004497,UIAGMCDKSXEBJQ-UHFFFAOYSA-N,CHEMBL1428
CID100004499,VKQFCGNPDRICFG-UHFFFAOYSA-N,CHEMBL1726
CID100004506,KJONHKAYOJNZEC-UHFFFAOYSA-N,CHEMBL13209
CID100004509,NXFQHRVNIOXGAQ-UHFFFAOYSA-N,CHEMBL1605821
CID100004510,SNIOPGDIGTZGOP-UHFFFAOYSA-N,CHEMBL730
CID100004513,SGXXNSQHWDMGGP-UHFFFAOYSA-N,CHEMBL3183075
CID100004536,VIKNJXKGJWUCNN-UHFFFAOYSA-N,CHEMBL4579631
CID100004539,OGJPXUAPXNRGGI-UHFFFAOYSA-N,CHEMBL9
CID100004542,WWYNJERNGUHSAO-UHFFFAOYSA-N,CHEMBL3184827
CID100004543,PHVGLTMQBUFIQQ-UHFFFAOYSA-N,CHEMBL445
CID100004547,FAEKWTJYAYMJKF-UHFFFAOYSA-N,CHEMBL356866
CID100004583,GSDSWSVVBLHKDQ-UHFFFAOYSA-N,CHEMBL4
CID100004594,SUBDBMMJDZJVOS-UHFFFAOYSA-N,CHEMBL1503
CID100004595,FELGMEQIXOGIFQ-UHFFFAOYSA-N,CHEMBL46
CID100004599,AHLBNYSZXLDEJQ-UHFFFAOYSA-N,CHEMBL1434441
CID100004601,QVYRGXJJSLMXQH-UHFFFAOYSA-N,CHEMBL900
CID100004603,VSZGPKBBMSAYNT-UHFFFAOYSA-N,CHEMBL1619541
CID100004614,OFPXSFXSNFPTHF-UHFFFAOYSA-N,CHEMBL1071
CID100004616,ADIMAYPTOBDMTL-UHFFFAOYSA-N,CHEMBL568
CID100004631,CEMAWMOMDPGJMB-UHFFFAOYSA-N,CHEMBL546
CID100004634,XIQVNETUBQGFHX-UHFFFAOYSA-N,CHEMBL1231
CID100004639,UQCNKQCJZOAFTQ-UHFFFAOYSA-N,CHEMBL608538
CID100004649,WUBBRNOQWQTFEX-UHFFFAOYSA-N,CHEMBL1169
CID100004673,CEYUIFJWVHOCPP-UHFFFAOYSA-L,CHEMBL676
CID100004678,SNPLKNRPJHDVJA-UHFFFAOYSA-N,CHEMBL1371937
CID100004679,IQPSEEYGBUAQFF-UHFFFAOYSA-N,CHEMBL1502
CID100004680,XQYZDYMELSJDRZ-UHFFFAOYSA-N,CHEMBL19224
CID100004691,AHOUBRCZNHFOSL-UHFFFAOYSA-N,CHEMBL169007
CID100004724,KQXKVJAGOJTNJS-UHFFFAOYSA-N,CHEMBL26362
CID100004725,JNTOCHDNEULJHD-UHFFFAOYSA-N,CHEMBL1540
CID100004727,VVNCNSJFMMFHPL-UHFFFAOYSA-N,CHEMBL13239
CID100004735,XDRYMKDFEDOLFX-UHFFFAOYSA-N,CHEMBL55
CID100004736,VOKSWYLNZZRQPF-UHFFFAOYSA-N,CHEMBL100116
CID100004737,WEXRUCMBJFQVBZ-UHFFFAOYSA-N,CHEMBL448
CID100004740,BYPFEZZEUUWMEJ-UHFFFAOYSA-N,CHEMBL628
CID100004745,YEHCICAEULNIGD-UHFFFAOYSA-N,CHEMBL4762980
CID100004746,CYXKNKQEMFBLER-UHFFFAOYSA-N,CHEMBL75880
CID100004747,LUALIOATIOESLM-UHFFFAOYSA-N,CHEMBL251940
CID100004748,RGCVKNLCSQQDEP-UHFFFAOYSA-N,CHEMBL567
CID100004756,QPFYXYFORQJZEC-UHFFFAOYSA-N,CHEMBL1625467
CID100004763,DDBREPKUVSBGFI-UHFFFAOYSA-N,CHEMBL40
CID100004768,QZVCTJOXCFMACW-UHFFFAOYSA-N,CHEMBL753
CID100004771,DHHVAGZRUROJKS-UHFFFAOYSA-N,CHEMBL1574
CID100004775,OBKXEAXTFZPCHS-UHFFFAOYSA-N,CHEMBL1469
CID100004782,SONNWYBIRXJNDC-UHFFFAOYSA-N,CHEMBL31457
CID100004786,DLNKOYKMWOXYQA-UHFFFAOYSA-N,CHEMBL61006
CID100004810,WPNJAUFVNXKLIM-UHFFFAOYSA-N,CHEMBL19236
CID100004811,PIJVFDBKTWXHHD-UHFFFAOYSA-N,CHEMBL11773
CID100004812,MBWXNTAXLNYFJB-UHFFFAOYSA-N,CHEMBL4549212
CID100004819,QCHFTSOMWOSFHM-UHFFFAOYSA-N,CHEMBL4073182
CID100004828,JZQKKSLKJUAGIC-UHFFFAOYSA-N,CHEMBL500
CID100004829,HYAFETHFCAUJAY-UHFFFAOYSA-N,CHEMBL595
CID100004845,VQDBNKDJNJQRDG-UHFFFAOYSA-N,CHEMBL1094966
CID100004865,YJGVMLPVUAXIQN-UHFFFAOYSA-N,CHEMBL310129
CID100004868,WQVJHHACXVLGBL-UHFFFAOYSA-N,CHEMBL241797
CID100004870,CYLWJCABXYDINA-UHFFFAOYSA-N,CHEMBL1587
CID100004885,FASDKYOPVNHBLU-UHFFFAOYSA-N,CHEMBL76399
CID100004889,TUZYXOIXSAXUGO-UHFFFAOYSA-N,CHEMBL1617336
CID100004891,FSVJFNAIGNNGKK-UHFFFAOYSA-N,CHEMBL976
CID100004893,IENZQIKPVFGBNW-UHFFFAOYSA-N,CHEMBL2
CID100004894,OIGNJSKKLXVSLS-UHFFFAOYSA-N,CHEMBL1735158
CID100004895,LRJOMUJRLNCICJ-UHFFFAOYSA-N,CHEMBL1519597
CID100004900,XOFYZVNMUHMLCC-UHFFFAOYSA-N,CHEMBL1732663
CID100004906,MVFGUOIZUNYYSO-UHFFFAOYSA-N,CHEMBL1194
CID100004908,INDBQLZJXZLFIT-UHFFFAOYSA-N,CHEMBL506
CID100004909,DQMZLTXERSFNPB-UHFFFAOYSA-N,CHEMBL856
CID100004911,DBABZHXKTCFAPX-UHFFFAOYSA-N,CHEMBL897
CID100004913,REQCZEXYDRLIBE-UHFFFAOYSA-N,CHEMBL640
CID100004914,MFDFERRIHVXMIY-UHFFFAOYSA-N,CHEMBL569
CID100004915,CPTBDICYNRMXFX-UHFFFAOYSA-N,CHEMBL1321
CID100004917,WIKYUJGCLQQFNW-UHFFFAOYSA-N,CHEMBL728
CID100004920,RJKFOVLPORLFTN-UHFFFAOYSA-N,CHEMBL125608
CID100004923,SSOLNOMRVKKSON-UHFFFAOYSA-N,CHEMBL1377
CID100004927,PWWVAXIEGOYWEE-UHFFFAOYSA-N,CHEMBL643
CID100004932,JWHAUXFOSRPERK-UHFFFAOYSA-N,CHEMBL631
CID100004934,VVWYOYDLCMFIEM-UHFFFAOYSA-N,CHEMBL1180725
CID100004935,KCLANYCVBBTKTO-UHFFFAOYSA-N,CHEMBL1196
CID100004943,OLBCVFGFOZPWHH-UHFFFAOYSA-N,CHEMBL526
CID100004946,AQHHHDLHHXJYJD-UHFFFAOYSA-N,CHEMBL27
CID100004976,BWPIARFWQZKAIA-UHFFFAOYSA-N,CHEMBL668
CID100004989,YSAUAVHXTIETRK-UHFFFAOYSA-N,CHEMBL3301743
CID100004991,RVOLLAQWKVFTGE-UHFFFAOYSA-N,CHEMBL1115
CID100004992,YECBIJXISLIIDS-UHFFFAOYSA-N,CHEMBL511
CID100004993,WKSAUQYGYAYLPV-UHFFFAOYSA-N,CHEMBL36
CID100004999,IKMPWMZBZSAONZ-UHFFFAOYSA-N,CHEMBL1200472
CID100005002,URKOMYMAXPYINW-UHFFFAOYSA-N,CHEMBL716
CID100005005,JSDRRTOADPPCHY-UHFFFAOYSA-N,CHEMBL23389
CID100005029,YREYEVIYCVEVJK-UHFFFAOYSA-N,CHEMBL1219
CID100005032,KWGRBVOPPLSCSI-UHFFFAOYSA-N,CHEMBL279157
CID100005035,GZUITABIAKMVPG-UHFFFAOYSA-N,CHEMBL81
CID100005038,HDACQVRGBOVJII-UHFFFAOYSA-N,CHEMBL1319316
CID100005039,VMXUWOKSQNHOCA-UHFFFAOYSA-N,CHEMBL1790041
CID100005040,QFJCIRLUMZQUOT-UHFFFAOYSA-N,CHEMBL3560003
CID100005052,QEVHRUUCFGRFIF-UHFFFAOYSA-N,CHEMBL357497
CID100005064,IWUCXVSUMQZMFG-UHFFFAOYSA-N,CHEMBL34
CID100005070,FTALBRSUTCGOEG-UHFFFAOYSA-N,CHEMBL744
CID100005071,UBCHPRBFMUDMNC-UHFFFAOYSA-N,CHEMBL959
CID100005073,RAPZEAPATHNIPO-UHFFFAOYSA-N,CHEMBL85
CID100005076,NCDNCNXCDXHOMX-UHFFFAOYSA-N,CHEMBL3182552
CID100005077,XSVMFMHYUFZWBK-UHFFFAOYSA-N,CHEMBL151763
CID100005078,ULFRLSNUDGIQQP-UHFFFAOYSA-N,CHEMBL905
CID100005090,RZJQGNCSTQAWON-UHFFFAOYSA-N,CHEMBL122
CID100005095,UHSKFQJFRQCDBE-UHFFFAOYSA-N,CHEMBL589
CID100005152,GIIZNNXWQWCKIB-UHFFFAOYSA-N,CHEMBL1263
CID100005155,XNKLLVCARDGLGL-UHFFFAOYSA-N,CHEMBL418334
CID100005161,WVYADZUPLLSGPU-UHFFFAOYSA-N,CHEMBL154111
CID100005184,STECJAGHUSJQJN-UHFFFAOYSA-N,CHEMBL13030
CID100005193,KQPKPCNLIDLUMF-UHFFFAOYSA-N,CHEMBL447
CID100005195,MEZLKOACVSPNER-UHFFFAOYSA-N,CHEMBL8663
CID100005203,VGKDLMBJGBXTGI-UHFFFAOYSA-N,CHEMBL190573
CID100005206,DFEYYRMXOJXZRJ-UHFFFAOYSA-N,CHEMBL1200694
CID100005210,UNAANXDKBXWMLN-UHFFFAOYSA-N,CHEMBL1419
CID100005212,BNRNXUUZRGQAQC-UHFFFAOYSA-N,CHEMBL192
CID100005215,SEEPANYCNGTZFQ-UHFFFAOYSA-N,CHEMBL439
CID100005238,FVAUCKIRQBBSSJ-UHFFFAOYSA-M,CHEMBL1644695
CID100005245,IIDJRNMFWXDHID-UHFFFAOYSA-N,CHEMBL923
CID100005248,URLJMZWTXZTZRR-UHFFFAOYSA-N,CHEMBL1208306
CID100005253,ZBMZVLHSJCTVON-UHFFFAOYSA-N,CHEMBL471
CID100005257,DZZWHBIBMUVIIW-UHFFFAOYSA-N,CHEMBL15273
CID100005267,LXMSZDCAJNLERA-UHFFFAOYSA-N,CHEMBL1562223
CID100005291,KTUFNOKKBVMGRW-UHFFFAOYSA-N,CHEMBL941
CID100005297,UCSJYZPVAKXKNQ-UHFFFAOYSA-N,CHEMBL7763
CID100005300,ZSJLQEPLLKMAKR-UHFFFAOYSA-N,CHEMBL163484
CID100005311,WAEXFXRVDQXREF-UHFFFAOYSA-N,CHEMBL98
CID100005314,AXOIZCJOOAYSMI-UHFFFAOYSA-N,CHEMBL703
CID100005318,AFNXATANNDIXLG-UHFFFAOYSA-N,CHEMBL1221
CID100005320,SKIVFJLNDNKQPD-UHFFFAOYSA-N,CHEMBL455
CID100005329,JLKIGFTWXXRPMT-UHFFFAOYSA-N,CHEMBL443
CID100005333,FDDDEECHVMSUSB-UHFFFAOYSA-N,CHEMBL21
CID100005352,MLKXDPUZXIRXEP-UHFFFAOYSA-N,CHEMBL3186192
CID100005358,KQKPFRSPSRPDEB-UHFFFAOYSA-N,CHEMBL128
CID100005359,MDKGKXOCJGEUJW-UHFFFAOYSA-N,CHEMBL956
CID100005376,NKANXQFJJICGDU-UHFFFAOYSA-N,CHEMBL2139100
CID100005379,XUBOMFCQGDBHNK-UHFFFAOYSA-N,CHEMBL31
CID100005381,OGQICQVSFDPSEI-UHFFFAOYSA-N,CHEMBL1657
CID100005391,SEQDDYPDSLOBDC-UHFFFAOYSA-N,CHEMBL967
CID100005394,BPEGJWRSRHCHSN-UHFFFAOYSA-N,CHEMBL810
CID100005396,NRUKOCRGYNPUPR-UHFFFAOYSA-N,CHEMBL1571037
CID100005401,VCKUSRYTPJJLNI-UHFFFAOYSA-N,CHEMBL611
CID100005402,DOMXUEMWDBAQBQ-UHFFFAOYSA-N,CHEMBL3183524
CID100005403,XWTYSIMOBUGWOL-UHFFFAOYSA-N,CHEMBL1760
CID100005404,BLSQLHNBWJLIBQ-UHFFFAOYSA-N,CHEMBL1714574
CID100005407,BPEWUONYVDABNZ-UHFFFAOYSA-N,CHEMBL166839
CID100005408,MUMGGOZAMZWBJJ-UHFFFAOYSA-N,CHEMBL268313
CID100005410,PDMMFKSKQVNJMI-UHFFFAOYSA-N,CHEMBL297687
CID100005411,GKCBAIGFKIBETG-UHFFFAOYSA-N,CHEMBL698
CID100005419,BYJAVTDNIXVSPW-UHFFFAOYSA-N,CHEMBL1266
CID100005426,UEJJHQNACJXSKW-UHFFFAOYSA-N,CHEMBL468
CID100005430,WJCNZQLZVWNLKY-UHFFFAOYSA-N,CHEMBL625
CID100005452,KLBQZWRITKRQQV-UHFFFAOYSA-N,CHEMBL479
CID100005453,FOCVUCIESVLUNU-UHFFFAOYSA-N,CHEMBL671
CID100005466,PBJUNZJWGZTSKL-UHFFFAOYSA-N,CHEMBL1190260
CID100005468,GUHPRPJDBZHYCJ-UHFFFAOYSA-N,CHEMBL365795
CID100005472,PHWBOXQYWZNQIN-UHFFFAOYSA-N,CHEMBL833
CID100005478,BLJRIMJGRPQVNF-UHFFFAOYSA-N,CHEMBL173706
CID100005479,HJLSLZFTEKNLFI-UHFFFAOYSA-N,CHEMBL1220
CID100005483,YTGJWQPHMWSCST-UHFFFAOYSA-N,CHEMBL1314
CID100005487,XFYDIVBRZNQMJC-UHFFFAOYSA-N,CHEMBL1079
CID100005496,NLVFBUXFDBBNBW-UHFFFAOYSA-N,CHEMBL14440
CID100005503,OUDSBRTVNLOZBN-UHFFFAOYSA-N,CHEMBL817
CID100005505,JLRGJRBPOGGCBT-UHFFFAOYSA-N,CHEMBL782
CID100005512,OOGJQPCLVADCPB-UHFFFAOYSA-N,CHEMBL319757
CID100005515,UCFGDBYHRUNTLO-UHFFFAOYSA-N,CHEMBL305801
CID100005516,XFCLJVABOIYOMF-UHFFFAOYSA-N,CHEMBL3185138
CID100005523,TVYLLZQTGLZFBW-UHFFFAOYSA-N,CHEMBL1237044
CID100005524,QQJLHRRUATVHED-UHFFFAOYSA-N,CHEMBL32573
CID100005525,VXFJYXUZANRPDJ-UHFFFAOYSA-N,CHEMBL24223
CID100005526,GYDJEQRTZSCIOI-UHFFFAOYSA-N,CHEMBL292500
CID100005530,AELCINSCMGFISI-UHFFFAOYSA-N,CHEMBL313833
CID100005533,PHLBKPHSAVXXEF-UHFFFAOYSA-N,CHEMBL621
CID100005538,SHGAZHPCJJPHSC-UHFFFAOYSA-N,CHEMBL1235644
CID100005546,FNYLWPVRPXGIIP-UHFFFAOYSA-N,CHEMBL585
CID100005556,JOFWLTCLBGQGBO-UHFFFAOYSA-N,CHEMBL646
CID100005564,XEFQLINVKFYRCS-UHFFFAOYSA-N,CHEMBL849
CID100005565,VILCJCGEZXAXTO-UHFFFAOYSA-N,CHEMBL609
CID100005566,ZEWQUBUPAILYHI-UHFFFAOYSA-N,CHEMBL422
CID100005572,HWHLPVGTWGOCJO-UHFFFAOYSA-N,CHEMBL1490
CID100005576,IRYJRGCIQBGHIV-UHFFFAOYSA-N,CHEMBL695
CID100005577,FEZBIKUBAYAZIU-UHFFFAOYSA-N,CHEMBL1201256
CID100005578,IEDVJHCEMCRBQM-UHFFFAOYSA-N,CHEMBL22
CID100005584,ZSCDBOWYZJWBIY-UHFFFAOYSA-N,CHEMBL644
CID100005591,GXPHKUHSUJUWKP-UHFFFAOYSA-N,CHEMBL408
CID100005593,BGDKAVGWHJFAGW-UHFFFAOYSA-N,CHEMBL1200604
CID100005595,ZNRGQMMCGHDTEI-UHFFFAOYSA-N,CHEMBL8197
CID100005596,OYYDSUSKLWTMMQ-UHFFFAOYSA-N,CHEMBL1201344
CID100005625,WHBIGIKBNXZKFE-UHFFFAOYSA-N,CHEMBL593
CID100005647,HDOVUKNUBWVHOX-UHFFFAOYSA-N,CHEMBL1619309
CID100005650,ACWBQPMHZXGDFX-UHFFFAOYSA-N,CHEMBL1904197
CID100005651,MYPYJXKWCTUITO-UHFFFAOYSA-N,CHEMBL2448935
CID100005656,PNVNVHUZROJLTJ-UHFFFAOYSA-N,CHEMBL637
CID100005665,PJDFLNIOAUIZSL-UHFFFAOYSA-N,CHEMBL89598
CID100005717,YEEZWCHGZNKEEK-UHFFFAOYSA-N,CHEMBL603
CID100005718,WREGKURFCTUGRC-UHFFFAOYSA-N,CHEMBL18537
CID100005719,HUNXMJYCHXQEGX-UHFFFAOYSA-N,CHEMBL1521
CID100005726,HBOMLICNUCNMMY-UHFFFAOYSA-N,CHEMBL178240
CID100005727,JIAARYAFYJHUJI-UHFFFAOYSA-L,CHEMBL1200679
CID100005731,ULSDMUVEXKOYBU-UHFFFAOYSA-N,CHEMBL120768
CID100005732,ZAFYATHCZYHLPB-UHFFFAOYSA-N,CHEMBL911
CID100005734,UBQNRHZMVUUOMG-UHFFFAOYSA-N,CHEMBL750
CID100005735,GBBSUAFBMRNDJC-UHFFFAOYSA-N,CHEMBL135400
CID100005771,XNOPRXBHLZRZKH-UHFFFAOYSA-N,CHEMBL1717878
CID100005775,MRBDMNSDAVCSSF-UHFFFAOYSA-N,CHEMBL597
CID100005939,XNCOSPRUTUOJCJ-UHFFFAOYSA-N,CHEMBL4297654
CID100005978,OGWKCGZFUXNPDA-UHFFFAOYSA-N,CHEMBL1740907
CID100006018,MKJIEFSOBYUXJB-UHFFFAOYSA-N,CHEMBL117785
CID100006049,KCXVZYZYPLLWCC-UHFFFAOYSA-N,CHEMBL858
CID100006058,UFULAYFCSOUIOV-UHFFFAOYSA-N,CHEMBL602
CID100006116,VSGNNIFQASZAOI-UHFFFAOYSA-L,CHEMBL1200800
CID100006238,DBPWSSGDRRHUNT-UHFFFAOYSA-N,CHEMBL285584
CID100006256,VSQQQLOSPVPRAZ-UHFFFAOYSA-N,CHEMBL284025
CID100006432,QYSGYZVSCZSLHT-UHFFFAOYSA-N,CHEMBL1663
CID100006451,FRPHFZCDPYBUAU-UHFFFAOYSA-N,CHEMBL145704
CID100006468,JTJMJGYZQZDUJJ-UHFFFAOYSA-N,CHEMBL275528
CID100006476,AJXPJJZHWIXJCJ-UHFFFAOYSA-N,CHEMBL697
CID100006503,LENZDBCJOHFCAS-UHFFFAOYSA-N,CHEMBL1200391
CID100006726,UVKZSORBKUEBAZ-UHFFFAOYSA-N,CHEMBL648
CID100007012,OFJWFSNDPCAWDK-UHFFFAOYSA-N,CHEMBL1616045
CID100007029,XXEPPPIWZFICOJ-UHFFFAOYSA-N,CHEMBL1194666
CID100007187,OMPJBNCRMGITSC-UHFFFAOYSA-N,CHEMBL1200370
CID100007638,VYQNWZOUAUKGHI-UHFFFAOYSA-N,CHEMBL1388
CID100007699,MAFMQEKGGFWBAB-UHFFFAOYSA-N,CHEMBL1374379
CID100008197,FAGUFWYHJQFNRV-UHFFFAOYSA-N,CHEMBL138297
CID100008612,VDANGULDQQJODZ-UHFFFAOYSA-N,CHEMBL1179047
CID100009034,NZXKDOXHBHYTKP-UHFFFAOYSA-N,CHEMBL7413
CID100009354,ACTRVOBWPAIOHC-UHFFFAOYSA-N,CHEMBL28721
CID100009433,FQPFAHBPWDRTLU-UHFFFAOYSA-N,CHEMBL1370561
CID100010100,XLMALTXPSGQGBX-UHFFFAOYSA-N,CHEMBL300117
CID100010340,CDBYLPFSWZWCQE-UHFFFAOYSA-L,CHEMBL186314
CID100010413,SJZRECIVHVDYJC-UHFFFAOYSA-N,CHEMBL1342
CID100010547,OVXQHPWHMXOFRD-UHFFFAOYSA-M,CHEMBL1200367
CID100010660,NFLLKCVHYJRNRH-UHFFFAOYSA-N,CHEMBL1200406
CID100011125,XGZVUEUWXADBQD-UHFFFAOYSA-L,CHEMBL1200826
CID100011973,BZACJASHKPPTKX-UHFFFAOYSA-N,CHEMBL3277938
CID100012555,CNBGNNVCVSKAQZ-UHFFFAOYSA-N,CHEMBL12610
CID100012620,NOPFSRXAKWQILS-UHFFFAOYSA-N,CHEMBL1200453
CID100013314,FJIKWRGCXUCUIG-UHFFFAOYSA-N,CHEMBL22097
CID100013342,JXLYSJRDGCGARV-UHFFFAOYSA-N,CHEMBL4788494
CID100014917,KRHYYFGTRYWZRS-UHFFFAOYSA-N,CHEMBL1232767
CID100015459,IMWZZHHPURKASS-UHFFFAOYSA-N,CHEMBL1079604
CID100016124,MBKDYNNUVRNNRF-UHFFFAOYSA-N,CHEMBL180570
CID100016230,ACHKKGDWZVCSNH-UHFFFAOYSA-N,CHEMBL540851
CID100016362,YVUQSNJEYSNKRX-UHFFFAOYSA-N,CHEMBL1423
CID100016533,SNHRLVCMMWUAJD-UHFFFAOYSA-N,CHEMBL3186310
CID100016850,GNBHRKFJIUUOQI-UHFFFAOYSA-N,CHEMBL1057
CID100016886,XAUDJQYHKZQPEU-UHFFFAOYSA-N,CHEMBL117470
CID100017358,SFZCNBIFKDRMGX-UHFFFAOYSA-N,CHEMBL1796998
CID100018140,FRPJXPJMRWBBIH-UHFFFAOYSA-N,CHEMBL290686
CID100021800,CIWBQSYVNNPZIQ-UHFFFAOYSA-N,CHEMBL1449610
CID100021945,ROAIXOJGRFKICW-UHFFFAOYSA-N,CHEMBL1201104
CID100023897,KLPWJLBORRMFGK-UHFFFAOYSA-N,CHEMBL460
CID100023994,HCHKCACWOHOZIP-UHFFFAOYSA-N,CHEMBL1201279
CID100024087,JNMWHTHYDQTDQZ-UHFFFAOYSA-N,CHEMBL1200680
CID100024414,TZCXTZWJZNENPQ-UHFFFAOYSA-L,CHEMBL2105897
CID100024424,NWONKYPBYAMBJT-UHFFFAOYSA-L,CHEMBL1200929
CID100024450,ZPWVASYFFYYZEW-UHFFFAOYSA-L,CHEMBL1200459
CID100024841,XMBWDFGMSWQBCA-UHFFFAOYSA-N,CHEMBL1233550
CID100025419,ACSIXWWBWUQEHA-UHFFFAOYSA-N,CHEMBL12318
CID100027304,HJZKOAYDRQLPME-UHFFFAOYSA-N,CHEMBL1615775
CID100027400,FIADGNVRKBPQEU-UHFFFAOYSA-N,CHEMBL294951
CID100027661,YWXYYJSYQOXTPL-UHFFFAOYSA-N,CHEMBL249398
CID100027991,NFLWUMRGJYTJIN-UHFFFAOYSA-N,CHEMBL264448
CID100028332,VZPXFHVJUUSVLH-UHFFFAOYSA-N,CHEMBL4303291
CID100028486,HBBGRARXTFLTSG-UHFFFAOYSA-N,CHEMBL1234004
CID100030623,BMKDZUISNHGIBY-UHFFFAOYSA-N,CHEMBL444186
CID100031072,CFOYWRHIYXMDOT-UHFFFAOYSA-N,CHEMBL508102
CID100031264,SQYNKIJPMDEDEG-UHFFFAOYSA-N,CHEMBL1410743
CID100031378,AAXVEMMRQDVLJB-UHFFFAOYSA-N,CHEMBL4740452
CID100031477,BQIPXWYNLPYNHW-UHFFFAOYSA-N,CHEMBL1291
CID100032169,GDWDBGSWGNEMGJ-UHFFFAOYSA-N,CHEMBL1200819
CID100034312,CTRLABGOLIVAIY-UHFFFAOYSA-N,CHEMBL1068
CID100036339,NPUKDXXFDDZOKR-UHFFFAOYSA-N,CHEMBL23731
CID100036811,JRWZLRBJNMZMFE-UHFFFAOYSA-N,CHEMBL926
CID100037392,WANGFTDWOFGECH-UHFFFAOYSA-N,CHEMBL1200901
CID100039042,IIBYAHWJQTYFKB-UHFFFAOYSA-N,CHEMBL264374
CID100039860,GECBBEABIDMGGL-UHFFFAOYSA-N,CHEMBL2218896
CID100040159,RLLPVAHGXHCWKJ-UHFFFAOYSA-N,CHEMBL1525
CID100040632,ISWRGOKTTBVCFA-UHFFFAOYSA-N,CHEMBL1256391
CID100040703,IKGXLCMLVINENI-UHFFFAOYSA-M,CHEMBL1909298
CID100040973,RPLCPCMSCLEKRS-UHFFFAOYSA-N,CHEMBL3560261
CID100040976,GCKFUYQCUCGESZ-UHFFFAOYSA-N,CHEMBL1697750
CID100041317,IHUNBGSDBOWDMA-UHFFFAOYSA-N,CHEMBL3186098
CID100041684,YQNQNVDNTFHQSW-UHFFFAOYSA-N,CHEMBL1401
CID100041693,GGCSSNBKKAUURC-UHFFFAOYSA-N,CHEMBL658
CID100041744,ZOCKGBMQLCSHFP-UHFFFAOYSA-N,CHEMBL1735689
CID100041774,XUFXOAAUWZOOIT-UHFFFAOYSA-N,CHEMBL181568
CID100041781,NGBFQHCMQULJNZ-UHFFFAOYSA-N,CHEMBL1148
CID100042113,DPYMFVXJLLWWEU-UHFFFAOYSA-N,CHEMBL1200733
CID100042395,FZCHYNWYXKICIO-UHFFFAOYSA-N,CHEMBL4538138
CID100044563,KUGJPYZIWCRREB-UHFFFAOYSA-N,CHEMBL1201175
CID100044564,RVGLGHVJXCETIO-UHFFFAOYSA-N,CHEMBL1201266
CID100047319,YXSLJKQTIDHPOT-UHFFFAOYSA-N,CHEMBL1360
CID100047320,XXZSQOVSEBAPGS-UHFFFAOYSA-L,CHEMBL1200527
CID100047471,ZHPWRQIPPNZNML-UHFFFAOYSA-N,CHEMBL1200398
CID100047528,LBHIOVVIQHSOQN-UHFFFAOYSA-N,CHEMBL284906
CID100047725,BLCLNMBMMGCOAS-UHFFFAOYSA-N,CHEMBL2133738
CID100050294,RQTOOFIXOKYGAN-UHFFFAOYSA-N,CHEMBL746
CID100051263,IDBPHNDTYPBSNI-UHFFFAOYSA-N,CHEMBL634
CID100051577,IBAQFPQHRJAVAV-UHFFFAOYSA-N,CHEMBL1527329
CID100051634,UQRORFVVSGFNRO-UHFFFAOYSA-N,CHEMBL187262
CID100054158,MHPZZZZLAQGTHT-UHFFFAOYSA-N,CHEMBL1605443
CID100054454,RYMZZMVNJRMUDD-UHFFFAOYSA-N,CHEMBL1414674
CID100054688,AGOYDEPGAOXOCK-UHFFFAOYSA-N,CHEMBL1671904
CID100054786,PAJMKGZZBBTTOY-UHFFFAOYSA-N,CHEMBL3561314
CID100054949,ZCJXQWYMBJYJNB-UHFFFAOYSA-N,CHEMBL2007423
CID100055331,CMPAGYDKASJORH-UHFFFAOYSA-N,CHEMBL58042
CID100055480,XNCDYJFPRPDERF-UHFFFAOYSA-N,CHEMBL4297064
CID100056338,GQPXYJNXTAFDLT-UHFFFAOYSA-L,CHEMBL919
CID100056959,XKLMZUWKNUAPSZ-UHFFFAOYSA-N,CHEMBL1404
CID100057469,DOUYETYNHWVLEO-UHFFFAOYSA-N,CHEMBL1282
CID100057537,KFQYTPMOWPVWEJ-UHFFFAOYSA-N,CHEMBL104383
CID100057697,HIANJWSAHKJQTH-UHFFFAOYSA-N,CHEMBL1201198
CID100059708,HPHUVLMMVZITSG-UHFFFAOYSA-N,CHEMBL1400561
CID100059768,AQNDDEOPVVGCPG-UHFFFAOYSA-N,CHEMBL768
CID100060164,LZCDAPDGXCYOEH-UHFFFAOYSA-N,CHEMBL1265
CID100060172,SUPKOOSCJHTBAH-UHFFFAOYSA-N,CHEMBL484
CID100060184,IPVQLZZIHOAWMC-UHFFFAOYSA-N,CHEMBL3182219
CID100060490,MWLSOWXNZPKENC-UHFFFAOYSA-N,CHEMBL93
CID100060496,ZPBWCRDSRKPIDG-UHFFFAOYSA-N,CHEMBL1200402
CID100060612,CUHVIMMYOGQXCV-UHFFFAOYSA-N,CHEMBL77921
CID100060613,VWFCHDSQECPREK-UHFFFAOYSA-N,CHEMBL27710
CID100060726,ZBPLOVFIXSTCRZ-UHFFFAOYSA-N,CHEMBL1077
CID100060752,PCIOHQNIRPWFMV-UHFFFAOYSA-N,CHEMBL3187455
CID100060795,CEUORZQYGODEFX-UHFFFAOYSA-N,CHEMBL1112
CID100060814,WFBMIPUMYUHANP-UHFFFAOYSA-N,CHEMBL1201120
CID100060843,WBXPDJSOTKVWSJ-UHFFFAOYSA-N,CHEMBL59843
CID100060852,MPBVHIBUJCELCL-UHFFFAOYSA-N,CHEMBL997
CID100060853,ZCBZSCBNOOIHFP-UHFFFAOYSA-N,CHEMBL1375743
CID100060860,PDWUPXJEEYOOTR-UHFFFAOYSA-N,CHEMBL818
CID100060867,WHXMKTBCFHIYNQ-UHFFFAOYSA-N,CHEMBL313136
CID100060871,WOZSCQDILHKSGG-UHFFFAOYSA-N,CHEMBL922
CID100060877,XQSPYNMVSIKCOC-UHFFFAOYSA-N,CHEMBL161381
CID100060936,SKUHWSDHMJMHIW-UHFFFAOYSA-L,CHEMBL1200448
CID100060953,GAGWJHPBXLXJQN-UHFFFAOYSA-N,CHEMBL144071
CID100061475,PODWXQQNRWNDGD-UHFFFAOYSA-L,CHEMBL2096650
CID100061799,NKHAVTQWNUWKEO-UHFFFAOYSA-N,CHEMBL4577612
CID100062358,RZOBLYBZQXQGFY-UHFFFAOYSA-N,CHEMBL1200747
CID100062959,WVPSKSLAZQPAKQ-UHFFFAOYSA-N,CHEMBL1624529
CID100063001,MADRIHWFJGRSBP-UHFFFAOYSA-N,CHEMBL80906
CID100064929,MQOBSOSZFYZQOK-UHFFFAOYSA-N,CHEMBL981
CID100064987,SGOIRFVFHAKUTI-UHFFFAOYSA-N,CHEMBL315593
CID100065014,UEUPDYPUTTUXLJ-UHFFFAOYSA-N,CHEMBL2311028
CID100065628,YTKUWDBFDASYHO-UHFFFAOYSA-N,CHEMBL487253
CID100065856,CBQGYUDMJHNJBX-UHFFFAOYSA-N,CHEMBL14370
CID100065863,JLGKQTAYUIMGRK-UHFFFAOYSA-N,CHEMBL1201196
CID100065866,ZDXUKAKRHYTAKV-UHFFFAOYSA-N,CHEMBL250270
CID100065999,RMMXLENWKUUMAY-UHFFFAOYSA-N,CHEMBL1017
CID100068740,XRASPMIURGNCCH-UHFFFAOYSA-N,CHEMBL924
CID100068844,HCRKCZRJWPKOAR-UHFFFAOYSA-N,CHEMBL6750
CID100069512,KQIKOUUKQBTQBE-UHFFFAOYSA-N,CHEMBL592005
CID100071158,AFCGFAGUEYAMAO-UHFFFAOYSA-N,CHEMBL1201293
CID100071301,KOHIRBRYDXPAMZ-UHFFFAOYSA-N,CHEMBL434394
CID100071329,IXTMWRCNAAVVAI-UHFFFAOYSA-N,CHEMBL473
CID100071360,XMXHEBAFVSFQEX-UHFFFAOYSA-N,CHEMBL14376
CID100071436,IYGXEHDCSOYNKY-UHFFFAOYSA-N,CHEMBL2138280
CID100071616,BCEHBSKCWLPMDN-UHFFFAOYSA-N,CHEMBL303329
CID100074989,BSJMWHQBCZFXBR-UHFFFAOYSA-N,CHEMBL222334
CID100077997,JPRXYLQNJJVCMZ-UHFFFAOYSA-N,CHEMBL1201032
CID100082146,NAVMQTYZDKMPEU-UHFFFAOYSA-N,CHEMBL1023
CID100082148,YJYPHIXNFHFHND-UHFFFAOYSA-N,CHEMBL10878
CID100084003,BWHLPLXXIDYSNW-UHFFFAOYSA-N,CHEMBL1201124
CID100093860,GXJABQQUPOEUTA-UHFFFAOYSA-N,CHEMBL3559830
CID100096312,IXOXBSCIXZEQEQ-UHFFFAOYSA-N,CHEMBL1513356
CID100104741,VWUXBMIQPBEWFH-UHFFFAOYSA-N,CHEMBL5745979
CID100104758,IVTVGDXNLFLDRM-UHFFFAOYSA-N,CHEMBL140144
CID100104799,YAKWPXVTIGTRJH-UHFFFAOYSA-N,CHEMBL549386
CID100104849,REOYOKXLUFHOBV-UHFFFAOYSA-N,CHEMBL558598
CID100104865,GJPICJJJRGTNOD-UHFFFAOYSA-N,CHEMBL957
CID100107969,SWZTYAVBMYWFGS-UHFFFAOYSA-N,CHEMBL544665
CID100110634,SECKRCOLJRRGGV-UHFFFAOYSA-N,CHEMBL1520
CID100110635,WOXKDUGGOYFFRN-UHFFFAOYSA-N,CHEMBL1671905
CID100114709,BMPDWHIDQYTSHX-UHFFFAOYSA-N,CHEMBL1067
CID100115237,PMXMIIMHBWHSKN-UHFFFAOYSA-N,CHEMBL1621
CID100115355,OUBCNLGXQFSTLU-UHFFFAOYSA-N,CHEMBL1337
CID100119182,WDDPHFBMKLOVOX-UHFFFAOYSA-N,CHEMBL277800
CID100119607,LNPDTQAFDNKSHK-UHFFFAOYSA-N,CHEMBL865
CID100119828,TZRHLKRLEZJVIJ-UHFFFAOYSA-N,CHEMBL1206690
CID100121396,LCQLHJZYVOQKHU-UHFFFAOYSA-N,CHEMBL1891960
CID100121749,VOTSDCGUYAGUNS-UHFFFAOYSA-N,CHEMBL545921
CID100121892,PCOBBVZJEWWZFR-UHFFFAOYSA-N,CHEMBL41355
CID100122197,HXWLAJVUJSVENX-UHFFFAOYSA-N,CHEMBL318755
CID100123015,WUWDLXZGHZSWQZ-UHFFFAOYSA-N,CHEMBL2002702
CID100123606,WKEMJKQOLOHJLZ-UHFFFAOYSA-N,CHEMBL1505
CID100123619,MNJVRJDLRVPLFE-UHFFFAOYSA-N,CHEMBL416146
CID100123631,XGALLCVXEZPNRQ-UHFFFAOYSA-N,CHEMBL939
CID100124087,JAUOIFJMECXRGI-UHFFFAOYSA-N,CHEMBL1172
CID100125017,KYYIDSXMWOZKMP-UHFFFAOYSA-N,CHEMBL1118
CID100125889,AYXYPKUFHZROOJ-UHFFFAOYSA-N,CHEMBL88034
CID100129228,POGQSBRIGCQNEG-UHFFFAOYSA-N,CHEMBL1201754
CID100129806,BPRHUIZQVSMCRT-UHFFFAOYSA-N,CHEMBL5308026
CID100130564,KWORUUGOSLYAGD-UHFFFAOYSA-N,CHEMBL1567328
CID100130881,UQGKUQLKSCSZGY-UHFFFAOYSA-N,CHEMBL1200692
CID100132804,VGYFMXBACGZSIL-UHFFFAOYSA-N,CHEMBL4299695
CID100132971,GZOSMCIZMLWJML-UHFFFAOYSA-N,CHEMBL2138202
CID100134018,BQSJTQLCZDPROO-UHFFFAOYSA-N,CHEMBL1164729
CID100134019,PEZPMAYDXJQYRV-UHFFFAOYSA-N,CHEMBL167731
CID100134780,UVSMNLNDYGZFPF-UHFFFAOYSA-N,CHEMBL43452
CID100145068,MWUXSHHQAYIFBG-UHFFFAOYSA-N,CHEMBL1200689
CID100148121,OGSBUKJUDHAQEA-UHFFFAOYSA-N,CHEMBL306438
CID100150311,OLNTVTPDXPETLC-UHFFFAOYSA-N,CHEMBL1455301
CID100151075,QEFAQIPZVLVERP-UHFFFAOYSA-N,CHEMBL1021
CID100151171,IKENVDNFQMCRTR-UHFFFAOYSA-N,CHEMBL1755
CID100153994,KPBZROQVTHLCDU-UHFFFAOYSA-N,CHEMBL1237132
CID100154256,OMZAMQFQZMUNTP-UHFFFAOYSA-N,CHEMBL2106615
CID100156326,VSWBSWWIRNCQIJ-UHFFFAOYSA-N,CHEMBL3187365
CID100157921,UJYSYPVQHFNBML-UHFFFAOYSA-N,CHEMBL1201093
CID100158781,VTRAEEWXHOVJFV-UHFFFAOYSA-N,CHEMBL1516
CID100176870,AAKJLRGGTJKAMG-UHFFFAOYSA-N,CHEMBL553
CID100179344,QIALRBLEEWJACW-UHFFFAOYSA-N,CHEMBL315644
CID100185457,VDPYMEBVIDZKMD-UHFFFAOYSA-N,CHEMBL3183117
CID100193962,PYGWGZALEOIKDF-UHFFFAOYSA-N,CHEMBL308954
CID100197712,OUJTZYPIHDYQMC-UHFFFAOYSA-N,CHEMBL302753
CID100208898,ZQTNQVWKHCQYLQ-UHFFFAOYSA-N,CHEMBL184412
CID100208902,YLXDSYKOBKBWJQ-UHFFFAOYSA-N,CHEMBL134330
CID100208908,BCFGMOOMADDAQU-UHFFFAOYSA-N,CHEMBL554
CID100213023,KSGXQBZTULBEEQ-UHFFFAOYSA-N,CHEMBL539697
CID100213046,PQXKDMSYBGKCJA-UHFFFAOYSA-N,CHEMBL5219924
CID100216210,YBSJFWOBGCMAKL-UHFFFAOYSA-N,CHEMBL48361
CID100216235,PHWXUGHIIBDVKD-UHFFFAOYSA-N,CHEMBL282724
CID100216237,GYHCTFXIZSNGJT-UHFFFAOYSA-N,CHEMBL344159
CID100216239,MLDQJTXFUGDVEO-UHFFFAOYSA-N,CHEMBL1336
CID100216326,GOTYRUGSSMKFNF-UHFFFAOYSA-N,CHEMBL848
CID100216416,GXESHMAMLJKROZ-UHFFFAOYSA-N,CHEMBL92748
CID100219078,VPPJLAIAVCUEMN-UHFFFAOYSA-N,CHEMBL57293
CID100222786,MFYSYFVPBJMHGN-UHFFFAOYSA-N,CHEMBL1497313
CID100358641,WZRJTRPJURQBRM-UHFFFAOYSA-N,CHEMBL58061
CID100449193,MNDBXUUTURYVHR-UHFFFAOYSA-N,CHEMBL193240
CID100517045,VMHLLURERBWHNL-UHFFFAOYSA-M,CHEMBL1354
CID100644241,HHZIURLSWUIHRB-UHFFFAOYSA-N,CHEMBL255863
CID100656628,PNCPYILNMDWPEY-UHFFFAOYSA-N,CHEMBL3187195
CID100656892,QUIJNHUBAXPXFS-UHFFFAOYSA-N,CHEMBL4068649
CID100657298,KNAHARQHSZJURB-UHFFFAOYSA-N,CHEMBL1518
CID100667490,GLVAUDGFNGKCSF-UHFFFAOYSA-N,CHEMBL1425
CID101349907,PMRYVIKBURPHAH-UHFFFAOYSA-N,CHEMBL1515
CID102723601,WYWHKKSPHMUBEB-UHFFFAOYSA-N,CHEMBL727
CID102761171,AEOCXXJPGCBFJA-UHFFFAOYSA-N,CHEMBL1441
CID103038497,LWYLQNWMSGFCOZ-UHFFFAOYSA-L,CHEMBL2021422
CID103052762,ZPMNHBXQOOVQJL-UHFFFAOYSA-N,CHEMBL117287
CID103062316,ZBNZXTGUTAYRHI-UHFFFAOYSA-N,CHEMBL1421
CID103081361,UHTHHESEBZOYNR-UHFFFAOYSA-N,CHEMBL24828
CID103086685,RITAVMQDGBJQJZ-UHFFFAOYSA-N,CHEMBL1988437
CID103086686,WINHZLLDWRZWRT-UHFFFAOYSA-N,CHEMBL1990885
CID104369359,MFFMDFFZMYYVKS-UHFFFAOYSA-N,CHEMBL3185489
CID104659568,JRURYQJSLYLRLN-UHFFFAOYSA-N,CHEMBL5305350
CID104659569,MIQPIUSUKVNLNT-UHFFFAOYSA-N,CHEMBL1324
CID105251896,SYOKIDBDQMKNDQ-UHFFFAOYSA-N,CHEMBL3665969
CID105310993,DJQOOSBJCLSSEY-UHFFFAOYSA-N,CHEMBL345714
CID105328940,UBPYILGKFZZVDX-UHFFFAOYSA-N,CHEMBL288441
CID105353894,JBKPUQTUERUYQE-UHFFFAOYSA-O,CHEMBL1420
CID106326970,BUGBHKTXTAQXES-UHFFFAOYSA-N,CHEMBL6068503
CID106328144,HCWPIIXVSYCSAN-UHFFFAOYSA-N,CHEMBL4300465
CID106433082,LZYXPFZBAZTOCH-UHFFFAOYSA-N,CHEMBL1201785
CID106433119,KGFYHTZWPPHNLQ-UHFFFAOYSA-N,CHEMBL3183768
CID106477186,XDAOLTSRNUSPPH-UHFFFAOYSA-N,CHEMBL3188499
CID106918182,XXUZFRDUEGQHOV-UHFFFAOYSA-J,CHEMBL3707306
CID106918313,RPZBRGFNBNQSOP-UHFFFAOYSA-N,CHEMBL1615374
CID106918456,DTGLZDAWLRGWQN-UHFFFAOYSA-N,CHEMBL1201772
CID106918638,NCNRHFGMJRPRSK-UHFFFAOYSA-N,CHEMBL3392649
CID109800339,COUYJEVMBVSIHV-UHFFFAOYSA-N,CHEMBL603271
CID109818231,UJLAWZDWDVHWOW-UHFFFAOYSA-N,CHEMBL234085
CID109825285,KGSXMPPBFPAXLY-UHFFFAOYSA-N,CHEMBL57242
CID109853053,MBBCVAKAJPKAKM-UHFFFAOYSA-N,CHEMBL354541
CID109887712,JVHXJTBJCFBINQ-UHFFFAOYSA-N,CHEMBL2139953
CID109912092,IMOZEMNVLZVGJZ-UHFFFAOYSA-N,CHEMBL475165
CID109924495,PRMWGUBFXWROHD-UHFFFAOYSA-N,CHEMBL1214124
CID109930048,JMHYCBFEEFHTMK-UHFFFAOYSA-N,CHEMBL3914098
CID109966051,YQNWZWMKLDQSAC-UHFFFAOYSA-N,CHEMBL2104993
CID110028615,ZBGXUVOIWDMMJE-UHFFFAOYSA-N,CHEMBL2135971
CID110096344,LTXREWYXXSTFRX-UHFFFAOYSA-N,CHEMBL3185085
CID110107393,VVECGOCJFKTUAX-UHFFFAOYSA-N,CHEMBL579205
CID110113978,CUIHSIWYWATEQL-UHFFFAOYSA-N,CHEMBL477772
CID110163178,ULXXDDBFHOBEHA-UHFFFAOYSA-N,CHEMBL2132902
CID110182969,QNZCBYKSOIHPEH-UHFFFAOYSA-N,CHEMBL231779
CID110465263,XTTZERNUQAFMOF-UHFFFAOYSA-N,CHEMBL181172
CID110482134,ZSDBFLMJVAGKOU-UHFFFAOYSA-N,CHEMBL2105745
CID111001318,TXEIIPDJKFWEEC-UHFFFAOYSA-N,CHEMBL2103837
CID111167602,FNHKPVJBJVTLMP-UHFFFAOYSA-N,CHEMBL1946170
CID111238823,QJFSABGVXDWMIW-UHFFFAOYSA-N,CHEMBL2028661
CID111304743,WXXSNCNJFUAIDG-UHFFFAOYSA-N,CHEMBL2107834
CID111499245,LFQDNHWZDQTITF-UHFFFAOYSA-N,CHEMBL443052
CID111519069,PEJHHXHHNGORMP-UHFFFAOYSA-M,CHEMBL523299
CID111597571,KTEIFNKAUNYNJU-UHFFFAOYSA-N,CHEMBL1825138
CID111707110,LIRYPHYGHXZJBZ-UHFFFAOYSA-N,CHEMBL2103875
CID111722286,JFLRKDZMHNBDQS-UHFFFAOYSA-N,CHEMBL4747161
CID115951529,WXCXUHSOUPDCQV-UHFFFAOYSA-N,CHEMBL1082407
CID116004692,JGCMEBMXRHSZKX-UHFFFAOYSA-N,CHEMBL2103873
CID116126651,XYFPWWZEPKGCCK-UHFFFAOYSA-N,CHEMBL3182647
CID116129629,DOAKLVKFURWEDJ-UHFFFAOYSA-N,CHEMBL404822
CID116156130,HTQBXNHDCUEHJF-UHFFFAOYSA-N,CHEMBL5964913
CID116220172,PURKAOJPTOLRMP-UHFFFAOYSA-N,CHEMBL2010601
CID117754772,HFNKQEVNSGCOJV-UHFFFAOYSA-N,CHEMBL2002099
CID119371515,MWTBKTRZPHJQLH-UHFFFAOYSA-N,CHEMBL1201747
CID123668479,IFUKBHBISRAZTF-UHFFFAOYSA-M,CHEMBL518520
CID124776445,BPQMGSKTAYIVFO-UHFFFAOYSA-N,CHEMBL473417
CID124826799,PHXJVRSECIGDHY-UHFFFAOYSA-N,CHEMBL1171837
CID125094462,TTZHDVOVKQGIBA-UHFFFAOYSA-N,CHEMBL3186678
CID125102847,ONIQOQHATWINJY-UHFFFAOYSA-N,CHEMBL2105717
CID142611257,GPXBXXGIAQBQNI-UHFFFAOYSA-N,CHEMBL1229517
CID144462760,BFSMGDJOXZAERB-UHFFFAOYSA-N,CHEMBL2028663
CID154677977,UTNUDOFZCWSZMS-UHFFFAOYSA-N,CHEMBL2062101
